covariance,k,bic,aic,loglik,silhouette,mean_max_proba,converged
full,1,124471.97117821412,124402.73405757522,-62192.36702878761,,1.0,True
full,2,88800.51295064055,88654.34569595841,-44308.17284797921,0.4264969294337508,0.9639433295381051,True
full,3,79087.11715810606,78864.01976938071,-39403.00988469036,0.41552954205815673,0.9327750489971456,True
full,4,78199.74476669401,77899.71724392544,-38910.85862196272,0.3764497851275722,0.8883341667814539,True
full,5,76370.47306062473,75993.51540381293,-37947.75770190646,0.35778988295910624,0.8524351017005828,True
full,6,75796.38131765906,75342.49352680403,-37612.246763402014,0.32519396341205853,0.8109578931879197,True
full,7,75562.50473793226,75031.686813034,-37446.843406517,0.3176652985255528,0.7251404579166508,True
full,8,75636.74624288167,75028.99818394019,-37435.499091970094,0.33081987978287397,0.7116405207495505,True
full,9,75567.8253805564,74883.1471875717,-37352.57359378585,0.33227594858220766,0.6744779207877272,True
full,10,75566.72108223115,74805.11275520321,-37303.556377601606,0.3079015422787137,0.6778554992313095,True
diag,1,138069.9683504643,138023.81027003838,-69005.90513501919,,1.0,True
diag,2,94154.68935432866,94054.68018007246,-47014.34009003623,0.4329007513911007,0.9638660382613728,True
diag,3,82338.69551676261,82184.83524867616,-41072.41762433808,0.4257512993055486,0.9442506013717701,True
diag,4,81475.6300318836,81267.9186699669,-40606.95933498345,0.37635894067937475,0.8936554892654094,True
diag,5,77000.12899098822,76738.56653524125,-38335.28326762062,0.3621378369976343,0.8723155274199884,True
diag,6,76659.25379864023,76343.84024906301,-38130.920124531505,0.3874601981622212,0.8439195980698458,True
diag,7,76138.01744171878,75768.7527983113,-37836.37639915565,0.32081204428759663,0.7489240453766209,True
diag,8,76041.21167892308,75618.09594168534,-37754.04797084267,0.34666462147681065,0.7522590958073633,True
diag,9,75915.64826278013,75438.68143171213,-37657.340715856066,0.3391500743438866,0.7040126734518793,True
diag,10,75695.06268225884,75164.24475736058,-37513.12237868029,0.2683081624799206,0.6882921397355604,True
tied,1,124471.97117821414,124402.73405757523,-62192.367028787616,,1.0,True
tied,2,119793.73657491182,119693.72740065563,-59833.86370032781,0.43567517954142043,0.948615009832569,True
tied,3,106628.9054911083,106498.12426323481,-53232.06213161741,0.41378569418565087,0.9274131662568386,True
tied,4,103752.35168284067,103590.7984013499,-51774.39920067495,0.4301304298621694,0.8816353702216103,True
tied,5,96984.22987206158,96791.90453695352,-48370.95226847676,0.40072470500454815,0.8789829292196198,True
tied,6,95631.11007260054,95408.01268387519,-47675.006341937595,0.4217501893865138,0.8786505121143261,True
tied,7,95310.4480868982,95056.57864455556,-47495.28932227778,0.404205707736746,0.832414473504545,True
tied,8,93989.971642071,93705.33014611107,-46815.665073055534,0.37580575110972564,0.7705710690415036,True
tied,9,93294.93362293775,92979.52007336053,-46448.760036680265,0.3899654964418345,0.7759279644865953,True
tied,10,92330.91505221321,91984.72944901869,-45947.364724509345,0.3936151151726415,0.7746511858679849,True
spherical,1,138050.58232365566,138019.81027003838,-69005.90513501919,,1.0,True
spherical,2,119131.2306755371,119061.99355489819,-59521.996777449094,0.41323909831020195,0.9418574984824584,True
spherical,3,106412.96776113358,106305.26557347307,-53138.63278673653,0.4016447924428097,0.9222462615565044,True
spherical,4,98132.74276094948,97986.57550626734,-48974.28775313367,0.4397140347411159,0.9223293526124056,True
spherical,5,97160.88735537915,96976.2550336754,-48464.1275168377,0.441473502244982,0.9029729092298157,True
spherical,6,92067.65839866309,91844.56100993774,-45893.28050496887,0.40470080015442705,0.8668654750211356,True
spherical,7,90191.02140644578,89929.45895069881,-44930.729475349406,0.39178015280326156,0.8437516293734626,True
spherical,8,89333.08049057807,89033.05296780949,-44477.526483904745,0.39375158996273024,0.8386257431562149,True
spherical,9,88992.05334650326,88653.56075671306,-44282.78037835653,0.3952515884799301,0.8318540864234778,True
spherical,10,88681.82739288066,88304.86973606885,-44103.43486803443,0.3953321443258958,0.8278024678540843,True
