method,k,silhouette,mean_max_proba,uncertain_share,boot_ari,boot_ari_min,nmi_status,auc_attrition,risk_cluster_rate,risk_cluster_recall,risk_cluster_size,bic,icl
kmeans,2,0.4497,1.0,0.0,0.9975,0.9938,0.0693,0.7455,0.1477,0.85,6332,,
kmeans,3,0.4518,1.0,0.0,0.9927,0.9659,0.1,0.8285,0.3083,0.7555,2695,,
kmeans,4,0.4419,1.0,0.0,0.9913,0.9425,0.0765,0.8196,0.3261,0.6864,2315,,
kmeans,5,0.4437,1.0,0.0,0.9843,0.9759,0.0816,0.8517,0.3314,0.3636,1207,,
kmeans,6,0.3986,1.0,0.0,0.7977,0.6183,0.0718,0.8524,0.3266,0.3536,1191,,
kmeans,7,0.3984,1.0,0.0,0.775,0.6511,0.0744,0.8655,0.3512,0.3036,951,,
kmeans,8,0.3916,1.0,0.0,0.9186,0.8108,0.0681,0.8602,0.3462,0.2936,933,,
gmm,2,0.4322,0.9639,0.0714,0.984,0.9492,0.1141,0.8101,0.1828,0.9218,5548,87733.4,90833.8
gmm,3,0.4059,0.9319,0.1392,0.9917,0.9784,0.1151,0.8613,0.2669,0.9027,3720,78068.2,83817.0
gmm,4,0.4057,0.9081,0.1899,0.9344,0.9016,0.1055,0.8627,0.2864,0.2236,859,76481.0,84094.7
gmm,5,0.3552,0.8533,0.3205,0.915,0.6347,0.0928,0.8636,0.287,0.1955,749,75498.7,86888.6
gmm,6,0.3374,0.8114,0.4194,0.8528,0.7507,0.0875,0.8708,0.2974,0.2055,760,74860.7,89222.2
gmm,7,0.3654,0.7589,0.5815,0.8129,0.6382,0.0782,0.8747,0.3261,0.3427,1156,74596.9,92988.7
gmm,8,0.3276,0.6997,0.6547,0.6477,0.5908,0.0724,0.8739,0.3261,0.3436,1159,74480.1,97119.2
lca,2,0.4465,0.9569,0.087,0.9832,0.9597,0.0965,0.789,0.1719,0.8927,5712,210453.5,213766.5
lca,3,0.4234,0.9325,0.1287,0.9773,0.9608,0.0955,0.8263,0.3264,0.6527,2200,185371.0,190614.6
lca,4,0.3933,0.8854,0.2268,0.9629,0.8976,0.0791,0.8348,0.3439,0.5209,1666,176759.8,185599.5
lca,5,0.3691,0.8764,0.2596,0.9849,0.9672,0.0847,0.8543,0.3408,0.4673,1508,170552.6,180422.4
lca,6,0.3244,0.8144,0.4404,0.8193,0.5241,0.0775,0.8618,0.3588,0.4273,1310,168913.1,183207.0
lca,7,0.315,0.804,0.4688,0.8048,0.4762,0.0732,0.8584,0.3865,0.1827,520,166928.8,182196.8
lca,8,0.321,0.7978,0.4766,0.8599,0.6668,0.0714,0.8635,0.3804,0.1764,510,165722.8,181682.3
