H,target,model,sets,n,pos,roc_auc,pr_auc,brier
1,attrition,logreg,,7438,795,0.7061,0.2066,0.091
1,attrition,hgb,,7438,795,0.6915,0.1982,0.0912
1,attrition,logreg,demo,7438,795,0.7275,0.2273,0.0897
1,attrition,hgb,demo,7438,795,0.7246,0.2233,0.0896
1,attrition,logreg,cl,7438,795,0.7049,0.2071,0.0907
1,attrition,hgb,cl,7438,795,0.7126,0.2293,0.0897
1,attrition,logreg,cl+demo,7438,795,0.7267,0.2275,0.0895
1,attrition,hgb,cl+demo,7438,795,0.733,0.2459,0.0886
1,debts_next,logreg,,7438,1687,0.749,0.4634,0.1507
1,debts_next,hgb,,7438,1687,0.7426,0.4516,0.1511
1,debts_next,logreg,demo,7438,1687,0.7476,0.4584,0.1514
1,debts_next,hgb,demo,7438,1687,0.7473,0.4527,0.151
1,debts_next,logreg,cl,7438,1687,0.7494,0.4639,0.1501
1,debts_next,hgb,cl,7438,1687,0.7482,0.4678,0.1503
1,debts_next,logreg,cl+demo,7438,1687,0.7484,0.455,0.1508
1,debts_next,hgb,cl+demo,7438,1687,0.7517,0.4701,0.1497
1,excellent,logreg,,7382,1315,0.8974,0.5892,0.0922
1,excellent,hgb,,7382,1315,0.8954,0.5851,0.0929
1,excellent,logreg,demo,7382,1315,0.9075,0.6535,0.088
1,excellent,hgb,demo,7382,1315,0.9058,0.6482,0.0894
1,excellent,logreg,cl,7382,1315,0.8979,0.6035,0.0923
1,excellent,hgb,cl,7382,1315,0.8989,0.6199,0.0928
1,excellent,logreg,cl+demo,7382,1315,0.9076,0.6545,0.0881
1,excellent,hgb,cl+demo,7382,1315,0.9052,0.6443,0.0901
2,attrition,logreg,,7852,718,0.7565,0.2274,0.0773
2,attrition,hgb,,7852,718,0.7556,0.225,0.0767
2,attrition,logreg,demo,7852,718,0.7768,0.2482,0.0761
2,attrition,hgb,demo,7852,718,0.7743,0.2394,0.0759
2,attrition,logreg,cl,7852,718,0.7582,0.2315,0.0765
2,attrition,hgb,cl,7852,718,0.7646,0.2282,0.0766
2,attrition,logreg,cl+demo,7852,718,0.7792,0.2504,0.0754
2,attrition,hgb,cl+demo,7852,718,0.7778,0.2415,0.076
2,attrition,logreg,dyn,7852,718,0.761,0.231,0.0772
2,attrition,hgb,dyn,7852,718,0.7572,0.2307,0.0764
2,attrition,logreg,dyn+demo,7852,718,0.7822,0.2484,0.076
2,attrition,hgb,dyn+demo,7852,718,0.7718,0.2488,0.0755
2,attrition,logreg,dyn+cl,7852,718,0.7619,0.2327,0.0766
2,attrition,hgb,dyn+cl,7852,718,0.7629,0.2337,0.0764
2,attrition,logreg,dyn+cl+demo,7852,718,0.7835,0.2517,0.0753
2,attrition,hgb,dyn+cl+demo,7852,718,0.779,0.2495,0.0754
2,debts_next,logreg,,7852,1647,0.8248,0.5742,0.1247
2,debts_next,hgb,,7852,1647,0.823,0.5641,0.125
2,debts_next,logreg,demo,7852,1647,0.8221,0.5756,0.1247
2,debts_next,hgb,demo,7852,1647,0.8239,0.583,0.1238
2,debts_next,logreg,cl,7852,1647,0.8256,0.5756,0.1242
2,debts_next,hgb,cl,7852,1647,0.8248,0.5673,0.1246
2,debts_next,logreg,cl+demo,7852,1647,0.8239,0.5768,0.1242
2,debts_next,hgb,cl+demo,7852,1647,0.8252,0.5849,0.1236
2,debts_next,logreg,dyn,7852,1647,0.8322,0.5857,0.1223
2,debts_next,hgb,dyn,7852,1647,0.8268,0.5672,0.1238
2,debts_next,logreg,dyn+demo,7852,1647,0.8294,0.5867,0.1224
2,debts_next,hgb,dyn+demo,7852,1647,0.8288,0.586,0.1223
2,debts_next,logreg,dyn+cl,7852,1647,0.8326,0.587,0.1219
2,debts_next,hgb,dyn+cl,7852,1647,0.8273,0.5726,0.1236
2,debts_next,logreg,dyn+cl+demo,7852,1647,0.8306,0.5883,0.1219
2,debts_next,hgb,dyn+cl+demo,7852,1647,0.8277,0.5885,0.1226
2,excellent,logreg,,7280,1721,0.915,0.7537,0.0963
2,excellent,hgb,,7280,1721,0.9136,0.7495,0.0962
2,excellent,logreg,demo,7280,1721,0.9138,0.747,0.0969
2,excellent,hgb,demo,7280,1721,0.9124,0.7445,0.097
2,excellent,logreg,cl,7280,1721,0.9146,0.7522,0.0964
2,excellent,hgb,cl,7280,1721,0.9141,0.7542,0.0961
2,excellent,logreg,cl+demo,7280,1721,0.9135,0.7461,0.097
2,excellent,hgb,cl+demo,7280,1721,0.9133,0.7518,0.0966
2,excellent,logreg,dyn,7280,1721,0.9156,0.7555,0.0959
2,excellent,hgb,dyn,7280,1721,0.9145,0.7511,0.096
2,excellent,logreg,dyn+demo,7280,1721,0.9143,0.7468,0.0967
2,excellent,hgb,dyn+demo,7280,1721,0.9145,0.7504,0.0963
2,excellent,logreg,dyn+cl,7280,1721,0.915,0.7534,0.0959
2,excellent,hgb,dyn+cl,7280,1721,0.9155,0.7573,0.0955
2,excellent,logreg,dyn+cl+demo,7280,1721,0.9137,0.7451,0.0967
2,excellent,hgb,dyn+cl+demo,7280,1721,0.9149,0.7529,0.0957
